text,sentiment
"Produk ini luar biasa, sangat cepat dan efisien!",positive
"Kualitasnya top banget, saya sangat puas.",positive
"Desainnya elegan dan fungsionalitasnya luar biasa.",positive
"Sangat direkomendasikan, performanya di atas ekspektasi.",positive
"Pengiriman super cepat dan barangnya persis seperti yang diiklankan. Sempurna!",positive
"Saya benar-benar menyukai produk ini. Nilai yang luar biasa untuk harganya.",positive
"Ini adalah salah satu pembelian terbaik yang pernah saya lakukan. Sangat berguna!",positive
"Tidak ada keluhan sama sekali. Berfungsi dengan sempurna dan terlihat bagus.",positive
"Layanan pelanggan sangat membantu dan produknya tiba dalam kondisi prima.",positive
"Sangat andal dan tahan lama. Produk ini melebihi harapan saya.",positive
"Saya sudah lama mencari produk seperti ini. Sangat senang akhirnya menemukannya!",positive
"Kualitas bahan yang digunakan terasa sangat premium. Sangat merekomendasikan.",positive
"Sangat mudah digunakan dan dipasang, bahkan untuk pemula.",positive
"Bekerja dengan sangat baik. Semua fitur berfungsi seperti yang dijanjikan.",positive
"Sangat membantu dalam pekerjaan saya sehari-hari. Sangat praktis.",positive
"Desainnya modern dan minimalis, cocok untuk dekorasi rumah saya.",positive
"Kemasan produknya sangat rapi dan aman. Menunjukkan perhatian pada detail.",positive
"Pengalaman berbelanja yang menyenangkan, dari awal sampai akhir.",positive
"Harganya sepadan dengan kualitas yang ditawarkan. Investasi yang baik.",positive
"Performa baterainya awet sekali, bisa dipakai seharian penuh.",positive
"Sangat ringan dan mudah dibawa-bawa. Portabilitasnya luar biasa.",positive
"Fungsi-fungsinya sangat intuitif dan user-friendly.",positive
"Saya akan membeli produk ini lagi di masa depan.",positive
"Sangat terkesan dengan kecepatan pengirimannya.",positive
"Produknya melebihi ekspektasi saya dalam segala hal.",positive
"Barang sampai dalam kondisi sempurna, sangat profesional.",positive
"Pilihan terbaik untuk harganya, saya tidak menyesal.",positive
"Suaranya jernih dan kuat, kualitas audio sangat baik.",positive
"Produk ini mengubah cara saya bekerja, sangat efisien.",positive
"Warnanya sangat cerah dan menarik, terlihat mewah.",positive
"Fiturnya lengkap dan semuanya berfungsi dengan baik.",positive
"Saya merekomendasikan produk ini kepada semua teman saya.",positive
"Sangat mudah dibersihkan dan dirawat.",positive
"Pengisian dayanya cepat dan tahan lama.",positive
"Saya sangat bahagia dengan pembelian ini!",positive
"Tidak ada masalah, semuanya lancar.",positive
"Produk ini sangat berguna dan praktis.",positive
"Kualitasnya sangat bagus, kokoh dan kuat.",positive
"Saya suka sekali, ini yang saya cari.",positive
"Sangat memuaskan, saya akan jadi pelanggan tetap.",positive
"Produk ini solusi yang tepat untuk masalah saya.",positive
"Penghemat waktu yang luar biasa.",positive
"Sangat puas dengan hasilnya.",positive
"Saya tidak bisa membayangkan hidup tanpa produk ini sekarang.",positive
"Barangnya datang lebih cepat dari perkiraan.",positive
"Tampilan fisiknya sangat elegan.",positive
"Fungsinya 100% seperti yang diiklankan.",positive
"Sangat nyaman digunakan setiap hari.",positive
"Cocok sekali dengan kebutuhan saya.",positive
"Produk yang benar-benar bernilai.",positive
"Ini adalah inovasi yang hebat!",positive
"Pelayanannya ramah dan responsif.",positive
"Sangat senang dengan hasilnya.",positive
"Produk yang sangat direkomendasikan.",positive
"Kualitasnya jauh lebih baik dari produk sejenis.",positive
"Pengemasan yang kreatif dan aman.",positive
"Fitur-fitur tambahan sangat berguna.",positive
"Tidak ada tandingan untuk produk ini.",positive
"Saya sangat kagum dengan kualitasnya.",positive
"Pilihan warna yang beragam dan menarik.",positive
"Pengalaman yang sangat menyenangkan.",positive
"Akan saya beli lagi sebagai hadiah.",positive
"Harga terjangkau dengan kualitas premium.",positive
"Baik, saya sudah terima informasinya.",netral
"Produknya terlihat bagus.",netral
"Ini adalah salah satu pilihan yang tersedia.",netral
"Saya akan mempertimbangkan saran Anda.",netral
"Prosesnya tampaknya berjalan lancar.",netral
"Terima kasih atas penjelasannya.",netral
"Ini hanyalah salah satu opsi yang ada.",netral
"Saya akan lihat perkembangannya nanti.",netral
"Hasilnya sesuai dengan ekspektasi.",netral
"Itu cukup informatif.",netral
"Pekerjaannya selesai tepat waktu.",netral
"Tidak ada masalah yang signifikan.",netral
"Kualitasnya standar.",netral
"Harga produk ini relatif terjangkau.",netral
"Proses pendaftaran cukup mudah.",netral
"Ini adalah sesuatu yang bisa kita lakukan.",netral
"Laporannya sudah saya baca.",netral
"Pembaruan ini cukup baik.",netral
"Tampilannya sederhana dan fungsional.",netral
"Saya tidak punya komentar lebih lanjut.",netral
"Sudah saya cek, semuanya normal.",netral
"Layanan yang diberikan cukup memadai.",netral
"Ini adalah hal yang biasa terjadi.",netral
"Penjelasan yang diberikan cukup jelas.",netral
"Saya tidak menemukan hal yang aneh.",netral
"Informasi ini sudah cukup.",netral
"Saya akan mencobanya nanti.",netral
"Pengiriman berjalan dengan baik.",netral
"Semua berjalan sesuai rencana.",netral
"Sudah saya terima pesanan saya.",netral
"Kemasan produknya standar.",netral
"Ini adalah produk yang umum.",netral
"Saya akan membagikan ini.",netral
"Responnya cepat.",netral
"Hasilnya netral.",netral
"Sudah saya terima pesanannya.",netral
"Tidak ada yang perlu dikeluhkan.",netral
"Ini adalah produk yang biasa.",netral
"Saya rasa ini sudah cukup.",netral
"Pemesanan berjalan lancar.",netral
"Saya akan lihat nanti.",netral
"Tidak ada masalah, terima kasih.",netral
"Saya sudah baca ulasannya.",netral
"Cukup memuaskan.",netral
"Sudah saya coba, berfungsi normal.",netral
"Pengoperasiannya sederhana.",netral
"Desainnya fungsional.",netral
"Tidak ada yang istimewa.",netral
"Cukup lengkap.",netral
"Ini sudah sesuai.",netral
"Pengalaman saya biasa saja.",netral
"Terlihat baik-baik saja.",netral
"Saya akan perhatikan.",netral
"Produknya tidak buruk.",netral
"Saya akan coba sesekali.",netral
"Cukup bagus.",netral
"Ini adalah hal yang umum.",netral
"Tidak ada masalah berarti.",netral
"Ini adalah fakta.",netral
"Pengiriman sesuai jadwal.",netral
"Saya tidak keberatan.",netral
"Saya rasa ini normal.",netral
"Cukup layak.",netral
"Sudah saya terima.",netral
"Ini hanya informasi tambahan.",netral
"Tidak ada keluhan.",netral
"Produk ini sesuai deskripsi.",netral
"Ini hanyalah satu sudut pandang.",netral
"Saya akan meninjau kembali.",netral
"Baik, terima kasih.",netral
"Tidak ada yang menonjol.",netral
"Cukup efisien.",netral
"Sudah selesai.",netral
"Saya akan simpan ini.",netral
"Ini adalah data yang relevan.",netral
"Saya tidak punya pandangan pribadi.",netral
"Cukup informatif.",netral
"Sudah sesuai dengan kebutuhan saya.",netral
"Ini hanyalah produk.",netral
"Saya akan mempertimbangkan opsi lain.",netral
"Tidak ada kesan khusus.",netral
"Sudah berjalan dengan baik.",netral
"Saya rasa tidak ada yang salah.",netral
"Sesuai harapan.",netral
"Informasinya standar.",netral
"Layanan yang memadai.",netral
"Saya tidak akan berkomentar lebih lanjut.",netral
"Prosesnya tidak ada kendala.",netral
"Saya hanya ingin tahu.",netral
"Produknya standar.",netral
"Saya sudah tahu ini.",netral
"Ini hanya produk.",netral
"Prosesnya cukup efisien.",netral
"Saya sudah lihat.",netral
"Sudah saya cek, baik.",netral
"Tidak ada masalah.",netral
"Selesai.",netral
"Ini adalah produk yang ada.",netral
"Saya tidak keberatan.",netral
"Cukup membantu.",netral
"Layanannya sangat mengecewakan.",negatif
"Saya tidak suka produk ini.",negatif
"Kualitasnya sangat buruk.",negatif
"Waktu pengirimannya terlalu lama.",negatif
"Ini adalah pengalaman yang buruk.",negatif
"Saya sangat tidak puas.",negatif
"Produknya tidak berfungsi sama sekali.",negatif
"Penjualnya tidak ramah.",negatif
"Ini buang-buang uang.",negatif
"Saya merasa tertipu.",negatif
"Sangat mengecewakan, saya tidak merekomendasikannya.",negatif
"Jangan beli produk ini.",negatif
"Saya tidak akan kembali lagi.",negatif
"Ini tidak sesuai deskripsi.",negatif
"Sangat buruk, saya menyesal membelinya.",negatif
"Saya sangat kecewa.",negatif
"Pelayanannya sangat lambat.",negatif
"Produk ini cacat.",negatif
"Saya menemukan banyak masalah.",negatif
"Tidak ada solusi yang diberikan.",negatif
"Saya sangat marah.",negatif
"Ini tidak sepadan dengan harganya.",negatif
"Saya tidak percaya ini bisa terjadi.",negatif
"Sangat jelek.",negatif
"Ini adalah pengalaman terburuk saya.",negatif
"Saya tidak puas sama sekali.",negatif
"Ini sangat mengganggu.",negatif
"Saya tidak akan pernah menggunakan layanan ini lagi.",negatif
"Kualitasnya di bawah standar.",negatif
"Ini adalah produk yang gagal.",negatif
"Saya ingin uang saya kembali.",negatif
"Ini adalah penipuan.",negatif
"Terlalu banyak masalah.",negatif
"Pengiriman produk ini sangat lambat.",negatif
"Sangat tidak profesional.",negatif
"Ini membuat saya kesal.",negatif
"Saya sangat frustrasi.",negatif
"Ini adalah produk yang buruk.",negatif
"Tidak ada yang berhasil.",negatif
"Saya merasa dibohongi.",negatif
"Sangat tidak layak.",negatif
"Ini adalah pemborosan waktu.",negatif
"Jauh dari ekspektasi saya.",negatif
"Saya benar-benar kecewa.",negatif
"Ini adalah produk yang tidak berguna.",negatif
"Saya akan mengeluh.",negatif
"Ini adalah kekacauan.",negatif
"Ini membuat saya sakit kepala.",negatif
"Saya tidak bisa mempercayai ini.",negatif
"Sangat tidak membantu.",negatif
"Ini adalah produk yang sangat buruk.",negatif
"Saya sangat kesal.",negatif
"Ini sangat menyebalkan.",negatif
"Saya sangat tidak merekomendasikannya.",negatif
"Pelayanannya tidak memuaskan.",negatif
"Saya menyesal telah membeli ini.",negatif
"Saya tidak akan pernah lagi.",negatif
"Ini adalah produk yang mengecewakan.",negatif
"Tidak sepadan dengan uang yang dikeluarkan.",negatif
"Sangat tidak efisien.",negatif
"Ini adalah produk yang tidak aman.",negatif
"Ini adalah bencana.",negatif
"Ini adalah produk yang tidak berharga.",negatif
"Saya ingin kompensasi.",negatif
"Ini benar-benar tidak baik.",negatif
"Ini adalah produk yang salah.",negatif
"Saya benci ini.",negatif
"Ini adalah produk yang sangat jelek.",negatif
"Sangat mengejutkan betapa buruknya ini.",negatif
"Saya tidak puas dengan layanan ini.",negatif
"Ini adalah produk yang tidak berguna.",negatif
"Saya ingin membuang ini.",negatif
"Ini adalah pemborosan.",negatif
"Sangat tidak menyenangkan.",negatif
"Ini adalah produk yang salah.",negatif
"Saya merasa tidak dihargai.",negatif
"Ini sangat membuat frustrasi.",negatif
"Saya tidak bisa memperbaikinya.",negatif
"Ini adalah produk yang rusak.",negatif
"Saya tidak puas dengan hasilnya.",negatif
"Ini sangat buruk.",negatif
"Saya tidak akan pernah membelinya lagi.",negatif
"Ini adalah produk yang tidak memenuhi janji.",negatif
"Sangat menyebalkan.",negatif
"Ini adalah layanan yang sangat buruk.",negatif
"Saya ingin uang saya kembali.",negatif
"Ini adalah kesalahan besar.",negatif
"Ini adalah produk yang tidak sesuai.",negatif
"Saya tidak bisa menggunakan ini.",negatif
"Ini adalah produk yang tidak layak.",negatif
"Saya sangat jengkel.",negatif
"Ini adalah produk yang gagal total.",negatif
"Saya tidak akan merekomendasikan ini kepada siapapun.",negatif
"Ini adalah produk yang sangat buruk.",negatif
"Saya sangat tidak suka ini.",negatif
"Ini adalah produk yang tidak berguna.",negatif
"Sangat tidak bisa diterima.",negatif
"Ini adalah produk yang sangat buruk.",negatif
"Saya tidak akan merekomendasikannya.",negatif
"Ini adalah produk yang membuat saya marah.",negatif
